<?xml version="1.0" encoding="utf-8"?>
<ApplicationInstallerManifest>
   <DefaultInstallationDirectory>/Applications/TU_Delft/MultiCellSim/</DefaultInstallationDirectory>
   <ApplicationName>MultiCellSim</ApplicationName>
   <ExecutableName>application/MultiCellSim.exe</ExecutableName>
   <GUID>e2e85b6b-8e1d-4b92-8aac-a1a7f0b7ee98</GUID>
   <ApplicationIcon>icon_48.png</ApplicationIcon>
   <Logo>default_logo.png</Logo>
   <Version>2.5</Version>
   <InstallationNotes>In the following directions, replace MR/v96 by the directory on the target machine where MATLAB is installed, or MR by the directory where the MATLAB Runtime is installed.

If the environment variable DYLD_LIBRARY_PATH is undefined, set it to the following string:

MR/v96/runtime/maci64:MR/v96/sys/os/maci64:MR/v96/bin/maci64

If it is defined, set it to the following:

${DYLD_LIBRARY_PATH}:MR/v96/runtime/maci64:MR/v96/sys/os/maci64:MR/v96/bin/maci64
</InstallationNotes>
   <AuthorOrganization>TU Delft</AuthorOrganization>
   <Summary>Visualisation of a model for multicellular systems based on secrete-and-sense cells</Summary>
   <WelcomePanelText>MultiCellSim 2.5
Visualisation of a model for multicellular systems based on secrete-and-sense cells

Release 2.5
Documentation on https://github.com/YitengDang/MultiCellSim

Yiteng Dang
yitengd@gmail.com</WelcomePanelText>
   <MCRProducts>
      <MCRProduct>
         <ExternalProductIdentifier>35000</ExternalProductIdentifier>
      </MCRProduct>
      <MCRProduct>
         <ExternalProductIdentifier>35010</ExternalProductIdentifier>
      </MCRProduct>
      <MCRProduct>
         <ExternalProductIdentifier>35119</ExternalProductIdentifier>
      </MCRProduct>
   </MCRProducts>
</ApplicationInstallerManifest>